-- Day 1 – Questions (Level: Basic, Foundation-Building)   [10TH July 2025]
-- Using the schema from earlier (users, orders, products, order_items), solve the following:

-- Table: users
CREATE TABLE userSS (
    u_id INT PRIMARY KEY,
    signup_date DATE,
    country VARCHAR(50)
);
-- Table: orders
CREATE TABLE ordersS (
    o_id INT PRIMARY KEY,
    u_id INT,
    o_date DATE,
    amount DECIMAL(10, 2),
    FOREIGN KEY (u_id) REFERENCES userss(u_id)
);
-- Table: products
CREATE TABLE productsS (
    p_id INT PRIMARY KEY,
    category VARCHAR(50),
    price DECIMAL(10, 2)
);
-- Table: order_items
CREATE TABLE order_itemsS (
    o_i_id INT PRIMARY KEY,
    o_id INT,
    p_id INT,
    quantitySS INT,
    FOREIGN KEY (o_id) REFERENCES orderss(o_id),
    FOREIGN KEY (p_id) REFERENCES productss(p_id)
);
-- ****************************************************************************************************************************

INSERT INTO userss (u_id, signup_date, country) VALUES
(1, '2023-01-15', 'India'),
(2, '2023-02-20', 'USA'),
(3, '2023-03-10', 'UK'),
(4, '2023-04-05', 'India'),
(5, '2023-05-12', 'Germany'),
(6, '2023-06-18', 'India'),
(7, '2023-07-25', 'USA'),
(8, '2023-08-30', 'France'),
(9, '2023-09-14', 'India'),
(10, '2023-10-22', 'UK'),
(11, '2023-11-08', 'India'),
(12, '2023-12-15', 'USA'),
(13, '2024-01-20', 'Germany'),
(14, '2024-02-25', 'India'),
(15, '2024-03-30', 'France'),
(16, '2024-04-12', 'India'),
(17, '2024-05-18', 'UK'),
(18, '2024-06-25', 'USA'),
(19, '2024-07-30', 'India'),
(20, '2024-08-15', 'Germany'),
(21, '2024-09-20', 'India'),
(22, '2024-10-25', 'USA'),
(23, '2024-11-30', 'France'),
(24, '2024-12-10', 'India'),
(25, '2024-12-20', 'UK');

INSERT INTO productss (p_id, category, price) VALUES
(1, 'Electronics', 599.99),
(2, 'Clothing', 29.99),
(3, 'Books', 15.99),
(4, 'Home', 89.99),
(5, 'Electronics', 1299.99),
(6, 'Clothing', 45.99),
(7, 'Books', 22.99),
(8, 'Home', 199.99),
(9, 'Electronics', 799.99),
(10, 'Clothing', 35.99),
(11, 'Books', 18.99),
(12, 'Home', 299.99),
(13, 'Electronics', 2499.99),
(14, 'Clothing', 55.99),
(15, 'Books', 12.99),
(16, 'Home', 149.99),
(17, 'Electronics', 399.99),
(18, 'Clothing', 75.99),
(19, 'Books', 28.99),
(20, 'Home', 499.99);

INSERT INTO orderss (o_id, u_id, o_date, amount) VALUES
(1, 1, '2023-02-01', 645.98),
(2, 2, '2023-03-15', 75.98),
(3, 3, '2023-04-20', 38.98),
(4, 4, '2023-05-10', 1345.98),
(5, 5, '2023-06-25', 199.99),
(6, 6, '2023-07-30', 89.99),
(7, 7, '2023-08-15', 844.98),
(8, 8, '2023-09-20', 299.99),
(9, 9, '2023-10-25', 149.99),
(10, 10, '2023-11-30', 131.98),
(11, 11, '2023-12-15', 2555.98),
(12, 12, '2024-01-20', 61.98),
(13, 13, '2024-02-25', 598.99),
(14, 14, '2024-03-30', 45.99),
(15, 15, '2024-04-15', 549.98),
(16, 16, '2024-05-20', 35.99),
(17, 17, '2024-06-25', 447.98),
(18, 18, '2024-07-30', 1299.99),
(19, 19, '2024-08-15', 75.99),
(20, 20, '2024-09-20', 28.99),
(21, 21, '2024-10-25', 949.98),
(22, 22, '2024-11-30', 199.99),
(23, 23, '2024-12-10', 89.99),
(24, 24, '2024-12-15', 1845.97),
(25, 1, '2024-12-20', 299.99),
(26, 2, '2024-12-22', 129.98),
(27, 3, '2024-12-25', 75.99),
(28, 4, '2024-12-28', 599.99),
(29, 5, '2024-12-30', 45.99),
(30, 6, '2025-01-02', 399.99);

INSERT INTO order_itemss (o_i_id, o_id, p_id, quantityss) VALUES
(1, 1, 1, 1), (2, 1, 2, 1), (3, 1, 3, 1),
(4, 2, 6, 1), (5, 2, 7, 1),
(6, 3, 2, 1), (7, 3, 15, 1),
(8, 4, 5, 1), (9, 4, 2, 1),
(10, 5, 8, 1),
(11, 6, 4, 1),
(12, 7, 9, 1), (13, 7, 2, 1),
(14, 8, 12, 1),
(15, 9, 16, 1),
(16, 10, 10, 1), (17, 10, 11, 1), (18, 10, 19, 1),
(19, 11, 13, 1), (20, 11, 14, 1),
(21, 12, 6, 1), (22, 12, 15, 1),
(23, 13, 1, 1),
(24, 14, 6, 1),
(25, 15, 20, 1), (26, 15, 2, 1),
(27, 16, 10, 1),
(28, 17, 8, 1), (29, 17, 18, 1), (30, 17, 11, 1), (31, 17, 3, 1),
(32, 18, 5, 1),
(33, 19, 18, 1),
(34, 20, 19, 1),
(35, 21, 9, 1), (36, 21, 16, 1),
(37, 22, 8, 1),
(38, 23, 4, 1),
(39, 24, 13, 1), (40, 24, 17, 1), (41, 24, 20, 1),
(42, 25, 12, 1),
(43, 26, 17, 1), (44, 26, 11, 1), (45, 26, 15, 1),
(46, 27, 18, 1),
(47, 28, 1, 1),
(48, 29, 6, 1),
(49, 30, 17, 1);